id,site,date,hoff,hdef,htemp,aoff,adef,atemp,line,ou,hp,ap,prob,hs,as
401577718,False,20231117,98.15,109.0,73.55,101.8,109.15,73.45,2.5,157.5,82.0,80.4,0.5297,85,80
401581546,True,20231117,107.25,97.19999999999999,70.25,102.95,97.0,64.45,-2.5,126.5,67.5,64.8,0.6157,66,62
401582110,True,20231117,103.80000000000001,99.85,73.55000000000001,106.5,102.0,65.05,4.5,142.5,71.0,71.5,0.4975,68,78
401582120,True,20231117,98.6,99.0,69.9,99.25,105.85,69.4,-4.5,135.5,71.7,67.7,0.6373,77,64
401601459,False,20231117,103.19999999999999,104.85,71.0,102.5,105.65,73.35,-5.5,153.5,81.2,76.1,0.6621,64,70
401581545,True,20231117,107.85,97.15,65.05,108.95,98.25,71.8,-1.5,138.5,69.8,69.7,0.4826,88,81
401575392,True,20231117,98.75,109.3,71.05,92.44999999999999,112.1,72.95,-6.5,152.5,79.1,73.1,0.7096,85,81
401582113,True,20231117,101.15,105.0,70.6,104.6,100.45,73.85,4.5,151.5,73.5,78.6,0.3108,67,60
401582121,True,20231117,102.9,99.0,68.05,101.95,101.85,70.7,-1.5,134.5,71.2,68.7,0.5829,71,77
401581515,True,20231117,113.55,99.05,71.95,105.85,97.55000000000001,73.15,-6.5,156.5,79.7,75.6,0.6535,79,67
401606133,False,20231117,99.9,102.25,67.69999999999999,105.35,113.2,72.65,-4.5,146.5,79.5,72.5,0.7065,82,75
401581813,True,20231117,103.3,111.7,70.5,93.6,111.9,71.75,-9.5,149.5,79.7,73.1,0.7336,70,72
401581509,True,20231117,98.85,98.7,72.0,102.7,98.65,69.94999999999999,5.5,137.5,69.8,72.4,0.4056,62,61
401577562,True,20231117,99.05,105.9,69.4,96.55000000000001,103.4,70.55,-3.5,137.5,70.8,70.8,0.505,66,80
401581548,True,20231117,109.6,93.75,70.7,113.94999999999999,87.94999999999999,67.65,9.5,133.5,66.0,72.7,0.2844,66,76
401584362,True,20231117,99.75,105.55000000000001,70.30000000000001,97.69999999999999,106.55000000000001,73.8,5.5,146.5,76.4,74.4,0.568,67,77
401582157,True,20231117,105.0,96.1,68.75,100.94999999999999,104.95,68.35,-7.5,133.5,73.0,64.6,0.7734,64,66
401597978,False,20231117,105.45,106.4,70.1,99.05,110.45,67.5,-10.5,143.5,79.2,69.1,0.8182,89,51
401577684,False,20231117,92.55,106.05,68.55,99.75,106.7,72.55000000000001,4.5,142.5,72.7,73.5,0.4305,58,67
401582122,True,20231117,106.25,100.05000000000001,71.35,98.2,108.4,74.4,-16.5,154.5,82.9,72.2,0.8271,100,62
401576150,False,20231117,114.6,92.2,70.05,93.75,109.55000000000001,69.65,-34.5,141.5,88.2,59.1,0.9872,90,60
401604419,True,20231117,96.1,103.0,69.8,92.8,108.6,72.15,-8.5,138.5,74.4,68.6,0.6975,0,0
401581510,True,20231117,106.94999999999999,102.44999999999999,71.6,107.95,98.0,69.25,5.5,148.5,72.1,75.7,0.3811,68,50
401581158,True,20231117,109.2,94.6,69.5,110.3,95.05000000000001,73.75,-1.5,146.5,74.3,74.7,0.4736,73,70
401574577,False,20231117,110.75,92.55,68.30000000000001,105.45,96.25,72.30000000000001,-8.5,138.5,78.4,67.4,0.8295,74,54
401594151,False,20231117,102.05000000000001,101.85,64.69999999999999,100.05000000000001,108.2,71.1,-6.5,130.5,74.9,66.1,0.7697,80,71
401583778,False,20231117,102.85,107.95,72.19999999999999,98.1,103.5,72.1,-5.5,151.5,80.0,75.7,0.6459,75,68
401582112,True,20231117,107.5,102.45,74.15,99.30000000000001,108.75,71.8,-10.5,163.5,83.6,74.2,0.8085,89,80
401588944,False,20231117,114.25,93.75,70.65,91.95,109.55,71.4,-34.5,146.5,90.2,61.0,0.9871,101,67
401581837,False,20231117,108.4,100.30000000000001,75.25,102.4,101.85,68.35,-6.5,149.5,81.9,72.4,0.8099,76,73
401604762,False,20231117,106.30000000000001,101.6,73.1,100.94999999999999,108.9,73.44999999999999,-9.5,163.5,87.2,74.6,0.8571,74,80
401604346,True,20231117,98.3,103.8,68.1,100.9,107.25,71.65,-2.5,138.5,72.1,71.6,0.5042,51,60
401597952,False,20231117,103.55,97.85,71.6,100.15,104.1,69.1,-12.5,137.5,78.2,67.8,0.8204,74,51
401597831,False,20231117,95.7,105.4,70.75,102.80000000000001,100.75,68.15,7.5,137.5,69.0,73.0,0.3459,70,68
401594051,False,20231117,106.35,101.19999999999999,75.1,101.4,108.30000000000001,67.65,-10.5,152.5,83.3,71.4,0.8558,92,57
401588729,False,20231117,99.3,107.9,70.44999999999999,87.25,110.25,70.3,-12.5,137.5,79.6,67.0,0.8626,76,48
401588590,False,20231117,99.8,105.0,73.1,102.94999999999999,106.9,67.15,-3.5,142.5,75.9,73.1,0.5966,67,85
401584412,False,20231117,109.75,94.0,71.19999999999999,96.75,105.4,68.45,-23.5,136.5,82.5,62.3,0.9532,78,68
401584339,False,20231117,98.9,111.5,71.7,92.85,112.65,71.75,-7.5,155.5,82.0,74.0,0.7513,80,74
401583851,False,20231117,109.9,99.8,70.95,100.3,105.55,68.7,-13.5,145.5,81.6,67.5,0.8923,77,58
401583591,False,20231117,110.1,97.55000000000001,70.1,97.1,111.3,68.80000000000001,-23.5,143.5,84.7,63.5,0.9588,87,53
401582158,True,20231117,106.3,99.65,67.65,112.35,93.35,72.6,10.5,143.5,68.5,76.5,0.2277,60,77
401581547,True,20231117,111.0,101.55,70.85,102.45,101.9,64.45,-4.5,138.5,72.5,66.7,0.7244,71,61
401581083,False,20231117,104.4,104.65,73.85,99.85,100.30000000000001,69.94999999999999,-3.5,152.5,78.8,74.3,0.664,75,78
401577629,False,20231117,112.80000000000001,95.35,71.44999999999999,105.6,100.9,75.9,-16.5,159.5,87.8,74.1,0.8755,86,94
401577554,False,20231117,109.85,97.25,71.55,97.15,102.5,68.8,-16.5,141.5,81.3,65.2,0.9185,107,56
401577543,False,20231117,104.69999999999999,98.15,72.6,96.45,106.19999999999999,69.0,-16.5,145.5,81.2,66.5,0.8978,54,57
401576159,False,20231117,103.05,99.35,66.95,98.25,106.45,73.9,-9.5,140.5,79.6,67.8,0.8352,65,47
401575751,False,20231117,111.4,95.45,72.94999999999999,107.95,98.7,74.15,-8.5,157.5,85.2,75.4,0.8016,89,68
401574410,False,20231117,107.5,101.45,67.69999999999999,94.5,109.85,72.35,-19.5,143.5,83.5,65.8,0.9289,75,71
401598003,True,20231117,102.25,108.15,65.8,90.45,108.25,69.35,-7.5,132.5,71.7,63.8,0.7688,60,61
401594212,True,20231117,96.6,110.35,69.4,97.7,110.0,71.35,3.5,144.5,73.3,74.3,0.4594,86,72
401579099,False,20231117,102.75,102.9,72.8,96.0,110.94999999999999,73.85,-18.5,157.5,86.7,73.0,0.8737,89,72
401575512,False,20231117,113.85,92.55,67.6,102.45,105.5,73.80000000000001,-20.5,149.5,86.2,65.6,0.9519,74,66
401594526,False,20231117,112.30000000000001,93.4,73.1,104.8,100.3,69.95,-14.5,146.5,83.4,69.0,0.8958,72,78
401583598,False,20231117,113.80000000000001,94.25,72.25,97.1,103.25,69.80000000000001,-23.5,149.5,85.9,64.4,0.9618,77,52
401591432,False,20231117,116.05000000000001,92.5,73.7,97.85,104.25,68.94999999999999,-29.5,149.5,88.3,64.0,0.9754,98,67
401584512,False,20231117,108.9,92.25,69.9,90.05000000000001,106.05,70.05,-28.5,140.5,83.7,58.1,0.9778,87,64
401594611,False,20231117,115.85,100.05000000000001,74.8,106.65,107.5,70.80000000000001,-19.5,173.5,90.7,75.2,0.9114,88,74
401594474,False,20231117,92.85,107.8,69.9,95.75,106.19999999999999,72.15,1.5,143.5,73.8,73.2,0.4885,88,80
401584352,False,20231117,109.55000000000001,94.05000000000001,69.55,95.8,107.25,75.0,-27.5,152.5,88.0,65.8,0.9609,90,66
401583602,False,20231117,110.7,92.85,74.8,93.2,108.8,71.30000000000001,-30.5,151.5,91.1,64.7,0.9805,92,75
401578012,False,20231117,110.65,91.85,73.19999999999999,89.94999999999999,112.85,69.75,-38.5,144.5,90.9,59.5,0.9906,86,52
401577699,True,20231117,107.35,103.75,68.4,103.3,99.65,68.5,-1.5,141.5,70.3,70.3,0.5106,61,70
401592093,False,20231117,98.8,102.44999999999999,69.25,100.85,109.65,73.4,-7.5,147.5,79.6,72.5,0.7121,72,62
401574576,False,20231117,114.05000000000001,97.35,67.9,108.3,93.9,68.15,-5.5,133.5,74.1,67.9,0.7282,57,40
401597880,False,20231117,101.3,98.2,71.25,101.3,106.2,69.15,-9.5,138.5,77.5,68.3,0.7856,71,63
401594544,False,20231117,105.15,98.25,67.35,100.65,98.6,71.7,-9.5,133.5,74.9,67.3,0.7443,70,67
401594463,False,20231117,110.85,94.0,71.9,102.6,105.55,72.55000000000001,-19.5,151.5,86.8,69.2,0.9291,92,67
401593972,False,20231117,112.05,100.1,71.85,103.05,105.25,74.0,-13.5,160.5,88.0,74.1,0.8837,95,70
401584444,True,20231117,103.0,97.3,70.55,108.5,98.05,70.05,2.5,144.5,70.1,73.3,0.3801,76,72
401582111,True,20231117,109.4,97.69999999999999,66.6,102.8,96.5,71.4,-3.5,140.5,71.2,67.6,0.6283,83,66
401581804,False,20231117,112.15,99.55000000000001,71.0,95.15,105.9,69.1,-18.5,143.5,84.3,64.9,0.9489,84,61
401588731,True,20231117,108.4,90.8,71.3,108.3,91.6,65.15,1.5,129.5,66.6,66.1,0.533,79,54
401594032,False,20231117,101.85,102.5,66.9,102.25,101.6,71.65,-4.5,143.5,73.4,70.3,0.5936,63,66
401576682,False,20231117,102.8,101.19999999999999,74.2,107.3,101.0,69.15,2.5,150.5,77.2,75.8,0.5447,68,82
401607319,False,20231117,115.65,92.7,75.15,104.5,105.25,73.8,-24.5,170.5,93.4,72.6,0.9552,100,68
401592850,True,20231117,107.35,98.65,68.1,103.15,102.15,69.8,-4.5,140.5,73.0,68.0,0.676,68,73
401588732,True,20231117,108.55000000000001,95.35,73.1,107.55,97.6,73.75,-2.5,153.0,78.6,76.5,0.5734,71,74
401577719,True,20231118,101.05000000000001,108.95,74.4,97.6,106.25,69.0,-3.0,154.0,76.1,75.6,0.5388,66,51
401587128,False,20231118,107.94999999999999,95.4,70.44999999999999,95.25,104.35,64.85,-17.5,130.5,76.9,59.0,0.9389,72,51
401580928,True,20231118,106.4,97.3,68.0,107.6,89.55,69.9,7.5,132.5,65.1,70.9,0.3031,76,64
401575482,False,20231118,105.05000000000001,104.75,69.6,97.69999999999999,102.05000000000001,69.2,-9.5,136.5,76.0,69.1,0.7382,83,72
401593932,False,20231118,105.25,104.4,70.94999999999999,92.19999999999999,107.1,70.95,-12.5,147.5,82.3,68.2,0.8891,106,81
401591557,False,20231118,102.7,100.1,71.1,97.15,106.19999999999999,73.94999999999999,-12.5,147.5,83.0,71.1,0.8407,73,78
401581350,False,20231118,97.6,110.15,69.55000000000001,104.85,103.3,69.45,7.5,144.5,70.9,76.6,0.2875,69,62
401574606,False,20231118,101.2,104.55,74.35,98.0,105.2,72.45,-9.5,150.5,82.4,75.7,0.72,79,67
401601486,True,20231118,98.4,105.1,71.1,92.69999999999999,112.0,73.75,-5.0,152.0,79.9,71.7,0.7687,78,69
401600082,True,20231118,101.65,108.5,73.25,102.15,104.2,73.05,2.5,157.5,77.3,80.4,0.3911,93,98
401600050,False,20231118,106.65,100.65,69.95,101.6,107.7,69.1,-11.5,144.5,80.1,68.3,0.8474,67,53
401594072,True,20231118,96.75,105.15,69.9,93.35,112.85,71.25,-9.5,146.5,76.2,69.0,0.7402,75,78
401593771,False,20231118,103.55,104.55000000000001,68.94999999999999,92.5,111.45,72.25,-14.5,143.5,82.9,67.7,0.8991,79,78
401587215,False,20231118,95.0,105.19999999999999,70.95,99.95,107.0,70.95,1.5,145.5,75.0,73.5,0.5289,74,50
401583754,False,20231118,108.35,103.80000000000001,70.0,100.85,111.9,69.95,-16.5,155.5,83.9,70.1,0.8825,71,52
401583745,False,20231118,96.5,104.95,71.5,107.85,100.45,66.7,7.5,139.5,68.1,74.7,0.2659,57,82
401576140,False,20231118,103.25,95.95,69.2,98.55000000000001,96.95,72.5,-9.5,136.5,75.7,67.3,0.7658,60,56
401581591,True,20231118,109.35,96.6,65.44999999999999,102.0,101.35,71.05,-8.5,135.5,72.8,64.8,0.7574,61,72
401597905,False,20231118,100.65,102.6,69.30000000000001,93.6,105.80000000000001,66.45,-9.5,134.5,73.3,63.3,0.8164,73,66
401582125,True,20231118,98.15,106.0,71.1,103.7,100.6,67.25,4.5,135.0,66.7,73.8,0.2622,77,53
401587235,True,20231118,95.5,109.35,68.65,86.2,110.5,69.75,-6.5,135.5,72.2,65.3,0.7424,48,46
401574594,False,20231118,97.80000000000001,104.55000000000001,70.7,97.3,101.6,68.19999999999999,-2.5,131.5,71.5,69.4,0.5717,82,59
401589362,False,20231118,88.6,105.94999999999999,72.25,102.80000000000001,104.4,69.75,11.5,140.5,69.4,76.1,0.2437,83,80
401581514,True,20231118,105.2,102.3,70.35,99.80000000000001,99.35,69.5,-3.5,146.5,71.9,70.2,0.573,59,52
401579032,False,20231118,105.3,97.65,70.85,100.35,108.2,73.44999999999999,-14.5,152.5,84.7,70.3,0.8847,73,70
401579005,False,20231118,103.69999999999999,103.2,69.8,105.55000000000001,107.44999999999999,70.05,-4.5,145.5,78.1,72.8,0.6742,76,74
401574834,True,20231118,100.80000000000001,100.4,66.7,108.05,94.2,70.85,8.5,135.5,64.0,72.7,0.2075,84,63
401601487,True,20231118,98.75,109.5,71.80000000000001,97.80000000000001,105.25,74.5,3.0,157.0,76.7,78.7,0.4222,81,93
401594213,True,20231118,106.6,105.19999999999999,70.44999999999999,97.30000000000001,112.6,67.55,-11.5,146.5,78.5,67.6,0.8412,61,74
401581739,False,20231118,106.25,100.95,68.65,100.1,99.8,68.75,-5.5,138.5,74.4,67.1,0.7505,73,64
401577563,False,20231118,98.95,112.05,71.4,100.85,106.19999999999999,68.6,1.5,147.5,74.4,76.1,0.4308,67,58
401575404,False,20231118,100.1,102.7,73.4,96.85,109.55,70.95,-9.5,149.5,82.2,71.7,0.8141,77,76
401594033,True,20231118,102.1,100.9,71.85,91.65,108.25,68.15,-12.5,141.5,76.2,64.6,0.8566,73,57
401582126,True,20231118,107.1,104.4,66.80000000000001,97.85,110.25,72.94999999999999,-10.0,148.0,79.0,69.1,0.8086,85,92
401600915,False,20231118,113.8,94.15,69.25,100.55,106.35,73.4,-22.5,152.5,87.8,66.5,0.9571,52,61
401600449,False,20231118,102.5,92.15,68.69999999999999,103.4,106.9,73.75,-13.5,143.5,80.9,67.5,0.8621,85,63
401581513,True,20231118,103.25,99.55,67.15,107.9,96.45,67.9,4.5,137.5,64.5,69.6,0.3177,75,65
401576160,True,20231118,100.7,106.65,72.05,96.65,105.9,73.2,-1.5,155.5,77.6,75.4,0.5843,63,69
401594112,False,20231118,104.1,106.4,69.35,94.05,106.85,66.25,-6.5,137.5,75.3,65.3,0.823,73,55
401597979,True,20231118,98.05000000000001,111.55,66.85,99.85,110.7,70.75,-1.5,145.5,71.5,73.2,0.4261,69,83
401594625,False,20231118,101.44999999999999,102.45,65.8,102.19999999999999,109.3,63.95,-5.5,133.5,69.2,62.5,0.7291,66,62
401579111,False,20231118,104.6,100.8,73.95,100.95,108.45,71.25,-15.5,156.5,84.7,73.1,0.8408,65,63
401587112,False,20231118,101.15,103.80000000000001,73.30000000000001,99.30000000000001,104.75,67.7,-1.5,143.5,76.8,71.2,0.6979,61,59
401577593,False,20231118,117.2,93.6,69.65,95.69999999999999,100.95,71.5,-27.5,142.5,86.3,62.6,0.9724,82,50
401604756,False,20231118,97.3,111.9,74.1,94.85,111.95,72.9,-5.5,157.5,83.5,78.3,0.6619,81,100
401594012,False,20231118,102.2,105.80000000000001,70.15,98.05000000000001,107.15,71.8,-7.5,148.5,79.7,72.3,0.7359,76,71
401593952,False,20231118,111.9,93.1,71.80000000000001,94.0,109.0,74.1,-29.5,156.5,91.8,65.0,0.9804,93,50
401588310,False,20231118,109.75,94.85,69.55,104.94999999999999,104.4,71.19999999999999,-13.5,146.5,81.9,68.1,0.8814,108,83
401582116,True,20231119,108.1,102.9,73.44999999999999,100.95,103.55,69.85,-6.5,151.5,78.6,73.5,0.6952,71,78
401581533,True,20231119,101.25,104.55,69.0,106.80000000000001,97.25,69.45,8.5,142.5,66.4,74.8,0.2245,85,77
401598017,True,20231119,101.6,107.4,73.30000000000001,93.55000000000001,105.85,72.25,-4.5,151.5,78.6,74.2,0.6682,78,66
401597419,True,20231119,102.25,99.55,70.7,96.65,99.1,71.05000000000001,-2.5,137.5,72.3,68.9,0.6299,67,65
401594214,True,20231119,96.85,112.1,67.75,98.44999999999999,113.2,66.35,-1.5,138.5,69.3,69.7,0.4868,61,74
401581516,True,20231119,105.0,97.35,72.95,108.4,93.9,69.1,5.5,140.5,70.2,74.7,0.3494,64,71
401581552,True,20231119,102.9,102.7,63.800000000000004,103.05000000000001,97.35,64.05000000000001,3.5,116.5,58.9,62.5,0.3759,39,65
401591374,True,20231119,108.69999999999999,96.5,70.25,115.5,90.8,69.75,12.5,144.5,68.2,76.3,0.2339,57,77
401606134,False,20231119,100.80000000000001,103.2,66.95,98.25,102.65,65.95,-3.5,129.5,68.6,64.0,0.6655,86,74
401592102,False,20231119,97.9,109.8,69.44999999999999,93.75,106.9,69.7,-4.5,137.5,74.6,70.5,0.6359,63,67
401587236,False,20231119,99.94999999999999,106.95,70.25,94.5,108.80000000000001,68.05,-7.5,138.5,76.2,68.2,0.762,76,64
401583761,False,20231119,110.8,96.19999999999999,68.55,106.55000000000001,95.2,68.8,-6.5,138.5,74.4,67.5,0.7385,85,68
401582129,False,20231119,97.95,108.45,74.25,95.25,105.35,68.5,-2.5,149.0,76.8,73.4,0.6211,94,79
401582117,False,20231119,99.85,109.55,71.4,103.35,100.25,72.75,6.5,156.5,75.6,79.8,0.3342,72,80
401581593,True,20231119,108.19999999999999,89.65,70.15,110.25,96.75,64.6,-4.5,129.5,67.8,64.7,0.6165,66,57
401581511,True,20231119,104.35,101.0,69.35,103.85,98.45,67.4,-1.5,139.5,68.0,69.3,0.4591,57,55
401575446,False,20231119,107.95,90.19999999999999,70.05,95.1,103.5,69.80000000000001,-25.5,132.0,81.2,59.7,0.9599,92,37
401587242,True,20231119,100.9,109.05,70.2,93.80000000000001,111.05000000000001,71.2,-8.5,146.5,77.4,71.4,0.7132,60,71
401581534,True,20231119,104.3,97.85,71.95,108.45,103.5,70.8,1.5,149.5,75.7,74.8,0.5241,86,76
401600081,False,20231119,101.8,104.5,70.15,102.65,109.85,73.85,-7.5,153.5,82.3,75.5,0.7072,88,77
401594469,False,20231119,102.55,103.75,71.55,97.95,109.75,69.35,-14.5,148.5,80.4,69.9,0.8207,68,63
401594230,False,20231119,106.9,95.15,71.55000000000001,102.25,103.35,66.25,-13.5,137.5,77.2,64.7,0.8679,90,66
401583715,False,20231119,102.44999999999999,97.95,66.19999999999999,100.35,106.0,71.25,-9.5,139.5,75.8,65.4,0.8089,62,52
401583610,False,20231119,105.0,103.3,70.85,99.44999999999999,104.85,68.0,-8.5,142.5,77.4,69.0,0.779,76,82
401577685,False,20231119,100.15,106.30000000000001,71.75,98.94999999999999,109.65,71.55,-6.5,151.5,80.7,74.1,0.7111,85,82
401581517,True,20231119,113.65,98.35,71.75,109.80000000000001,94.25,73.05,-3.5,157.5,77.4,77.4,0.5029,91,83
401600056,True,20231119,106.1,104.8,70.2,101.44999999999999,110.9,70.44999999999999,-12.5,154.5,79.1,72.1,0.7383,78,70
401598576,True,20231119,109.75,106.15,73.25,100.15,100.6,69.25,-4.5,151.5,77.0,74.3,0.6262,70,88
401581550,True,20231119,111.80000000000001,101.85,69.9,107.5,97.45,69.95,-1.5,149.5,73.8,73.8,0.5102,80,86
401581512,True,20231119,106.95,96.94999999999999,68.1,98.55000000000001,98.65,68.65,-7.5,136.5,70.5,63.8,0.7335,70,71
401591375,True,20231119,103.4,104.0,70.75,110.95,91.6,71.1,17.5,142.5,67.0,80.0,0.1307,80,81
401581592,True,20231119,106.45,97.80000000000001,68.30000000000001,102.35,102.25,70.55000000000001,-5.5,142.5,73.5,67.9,0.6914,78,57
401587243,False,20231119,102.9,102.65,63.65,102.65,112.0,70.0,-8.5,135.5,75.1,65.8,0.7807,58,56
401577635,False,20231119,111.8,97.85,68.75,98.7,109.15,68.4,-22.5,141.5,82.9,63.2,0.9499,73,56
401601488,True,20231119,103.25,97.5,70.7,102.45,101.3,70.75,-8.5,142.5,73.4,70.4,0.605,70,54
401575483,False,20231119,105.25,104.44999999999999,70.7,100.65,108.6,68.35,-9.5,143.5,79.4,70.1,0.7973,88,83
401593911,True,20231119,99.4,104.15,72.65,97.0,106.85,69.7,-4.5,144.5,75.1,71.8,0.6273,92,96
401584331,False,20231119,111.30000000000001,98.75,68.3,102.3,110.85,70.4,-18.5,147.5,84.4,66.8,0.9294,98,76
401581535,True,20231119,104.55,99.5,71.65,102.4,100.6,74.6,-3.5,154.5,77.7,75.5,0.5731,83,60
401577574,False,20231119,101.05,99.85,70.94999999999999,106.1,102.05000000000001,70.05,-1.5,143.5,75.0,72.6,0.569,74,65
401582123,True,20231119,103.75,102.9,69.85,98.8,98.45,70.69999999999999,2.5,140.5,71.3,70.8,0.5242,59,45
401601479,True,20231119,103.9,99.1,68.1,103.0,100.35,65.94999999999999,-1.5,125.5,66.8,65.4,0.556,49,54
401594034,True,20231119,102.4,109.4,64.25,102.30000000000001,100.5,71.3,4.5,137.5,66.5,72.1,0.2964,76,70
401582114,True,20231119,110.2,97.4,67.30000000000001,108.05000000000001,102.30000000000001,64.6,-5.5,133.5,69.2,64.6,0.6657,71,61
401581551,True,20231119,109.95,94.25,70.9,109.55,99.69999999999999,72.30000000000001,-4.5,150.5,77.3,73.6,0.6262,82,91
401600257,False,20231119,116.05,92.45,74.8,102.85,102.85,69.75,-27.5,154.5,88.6,68.2,0.9564,101,56
401592370,False,20231119,111.3,92.0,67.35,100.5,108.94999999999999,70.30000000000001,-23.5,141.5,83.3,61.1,0.9626,81,49
401583817,False,20231119,110.35,98.1,68.9,96.85,105.69999999999999,72.35,-21.5,145.5,84.2,66.1,0.9338,72,73
401601489,True,20231119,108.85,98.44999999999999,69.75,107.05,98.2,68.85,-5.5,142.0,71.8,70.8,0.542,68,75
401601493,True,20231119,108.0,93.4,64.85,107.65,95.05000000000001,73.0,-4.5,135.5,69.4,68.0,0.5288,49,66
401581536,True,20231119,100.65,104.65,72.35,105.75,99.7,68.05000000000001,8.5,145.5,69.2,75.8,0.2809,77,71
401577659,False,20231119,111.95,92.9,70.8,98.35,101.1,71.75,-17.5,143.5,84.1,65.0,0.9442,81,70
401584513,False,20231119,108.45,92.8,71.30000000000001,95.94999999999999,106.80000000000001,72.44999999999999,-24.5,147.5,86.4,64.6,0.9602,88,60
401594626,False,20231119,101.55000000000001,102.75,66.25,91.4,108.55000000000001,67.6,-11.5,131.5,73.9,60.5,0.8782,67,58
401590208,True,20231119,104.95,104.44999999999999,70.0,103.94999999999999,94.25,70.75,7.5,145.5,69.1,75.0,0.3039,80,83
401582124,True,20231119,103.9,99.25,67.7,108.15,99.75,70.1,4.5,140.5,69.1,71.6,0.3988,56,52
401582115,True,20231119,104.05000000000001,101.15,72.94999999999999,102.35,97.05,71.85,4.5,150.5,74.0,75.6,0.4532,88,69
401581549,True,20231119,114.4,88.1,67.45,109.45,97.94999999999999,66.15,-12.5,130.5,71.2,61.6,0.8012,69,55
401601492,True,20231119,110.55000000000001,90.25,70.6,107.19999999999999,96.5,73.7,-5.5,145.5,77.4,71.2,0.7037,100,97
401581573,True,20231120,103.4,110.5,71.8,103.45,103.0,69.44999999999999,4.5,158.5,73.0,77.9,0.3382,68,82
401581539,True,20231120,109.25,104.95,70.05,102.25,105.1,69.45,-5.0,148.0,76.6,71.9,0.6771,69,74
401601481,True,20231120,102.0,100.1,69.65,99.15,101.15,69.85,-2.5,137.5,71.1,68.5,0.5957,67,74
401594395,True,20231120,95.2,109.4,68.25,96.1,109.0,70.55,2.5,138.5,70.6,71.4,0.4627,70,56
401582149,True,20231120,107.55000000000001,107.05,67.30000000000001,97.25,106.9,70.35,-6.5,144.0,75.4,68.7,0.7363,66,69
401598926,True,20231120,105.25,108.65,66.7,104.35,106.65,72.05,4.5,152.5,74.1,74.7,0.4662,85,67
401594431,True,20231120,106.2,99.80000000000001,68.7,105.6,105.95,70.30000000000001,-4.5,144.5,75.1,70.7,0.6476,83,81
401581537,True,20231120,105.69999999999999,98.45,71.45,107.5,98.2,70.5,2.5,143.5,72.9,74.3,0.4507,92,68
401580107,True,20231120,102.25,105.80000000000001,68.8,107.65,101.05,75.15,6.5,153.5,73.6,80.2,0.261,52,61
401601482,True,20231120,97.25,99.1,70.65,110.7,106.0,73.9,4.5,153.5,74.4,78.8,0.314,61,74
401575873,True,20231120,107.7,102.85,72.2,111.94999999999999,88.85,67.25,13.5,145.5,65.8,77.7,0.1612,56,73
401604306,True,20231120,100.55,109.1,67.0,98.69999999999999,107.0,66.4,-2.5,131.5,67.6,67.7,0.5011,75,71
401593912,True,20231120,101.95,106.05000000000001,66.94999999999999,100.75,105.75,74.9,0.0,142.5,75.0,74.3,0.5073,79,77
401582150,True,20231120,104.75,99.80000000000001,66.9,100.2,110.9,73.30000000000001,,,78.6,68.4,0.8071,52,71
401593992,True,20231120,97.45,107.85,68.6,95.65,105.30000000000001,68.0,-1.5,134.5,68.1,68.5,0.4894,61,62
401601490,True,20231120,105.9,105.15,69.7,108.25,97.15,69.55,7.0,145.5,69.5,76.2,0.2756,66,74
401575874,True,20231120,117.85,94.95,72.0,119.25,91.2,68.1,5.5,155.5,73.3,76.7,0.3931,63,73
401604305,True,20231120,99.9,103.6,70.55,100.85,106.25,68.44999999999999,-2.5,136.5,71.8,70.8,0.5405,59,66
401581574,True,20231120,108.15,105.55,72.45,102.05,102.55000000000001,70.80000000000001,1.5,155.5,77.7,75.6,0.591,85,91
401581540,True,20231120,100.75,104.6,72.55,101.6,101.65,73.85,-2.5,155.5,75.9,78.4,0.4093,69,80
401586906,True,20231120,109.25,101.4,67.25,107.6,99.8,72.45,3.5,149.5,73.6,73.5,0.4951,75,83
401582128,True,20231120,96.65,97.9,69.65,106.2,98.55000000000001,69.9,,,66.2,72.1,0.2842,79,72
401601483,True,20231120,106.4,105.6,69.55,102.8,98.65,67.05,,,68.8,70.9,0.4399,73,71
401583611,False,20231120,106.05000000000001,105.95,69.95,98.4,108.4,70.45,-12.5,145.5,81.2,70.9,0.8173,82,64
401575429,True,20231120,110.35,95.65,70.2,109.55,92.1,62.75,3.5,124.5,64.4,66.3,0.4563,41,65
401597953,False,20231120,105.35,107.0,66.19999999999999,98.69999999999999,103.6,69.30000000000001,-4.5,135.5,73.8,68.2,0.6955,51,64
401583852,False,20231120,102.15,108.0,66.94999999999999,99.69999999999999,105.5,68.4,-2.5,137.5,72.5,69.3,0.6117,55,48
401601491,True,20231120,112.05,94.25,69.9,116.2,90.35,69.0,5.5,143.5,69.0,74.2,0.3207,71,81
401577544,False,20231120,115.15,94.65,70.2,102.45,98.05,71.25,-16.5,149.5,82.8,67.3,0.9115,96,88
401604274,False,20231120,100.35,103.25,73.0,103.75,107.65,73.15,-3.5,157.5,82.1,77.2,0.6454,67,61
401603544,False,20231120,92.9,112.1,70.80000000000001,93.35,107.9,71.65,-1.5,142.5,74.9,74.7,0.4824,81,72
401591568,False,20231120,97.80000000000001,102.25,72.35,101.55,99.35,70.55,1.5,140.5,73.6,73.7,0.4823,86,88
401590882,False,20231120,95.15,105.75,65.25,94.9,106.9,66.15,-3.5,126.5,66.3,62.7,0.619,75,78
401582020,False,20231120,96.4,102.35,64.4,105.85,99.45,70.9,5.5,131.5,65.7,70.1,0.3157,61,69
401581529,False,20231120,94.15,110.1,68.75,94.35,111.85,71.5,-3.5,140.5,75.8,71.9,0.6146,67,56
401574619,False,20231120,94.65,110.6,70.65,97.0,111.94999999999999,68.30000000000001,-3.5,142.5,74.5,72.4,0.5628,79,73
401581575,True,20231120,97.8,106.95,71.9,103.2,100.9,70.6,9.5,148.5,70.1,77.6,0.2498,102,68
401581538,True,20231120,105.7,99.9,68.5,105.6,98.65,70.75,-1.0,143.0,70.9,71.6,0.4696,62,65
401574411,False,20231120,92.85,108.7,74.35,95.55,109.95,71.9,-3.5,157.5,79.3,76.7,0.5675,70,68
401593791,True,20231120,104.85,100.9,68.2,113.8,94.7,71.15,10.5,144.5,67.4,77.3,0.183,59,64
401606712,False,20231120,99.0,102.65,70.30000000000001,96.30000000000001,111.5,73.75,-15.5,150.5,82.5,71.2,0.8219,90,70
401598898,False,20231120,94.94999999999999,108.9,69.35,112.0,94.75,70.95,21.5,140.5,65.3,81.5,0.0755,54,67
401592094,False,20231120,93.75,114.80000000000001,74.15,100.9,109.9,71.9,6.5,164.5,78.3,82.8,0.3167,87,89
401589297,False,20231120,96.2,103.94999999999999,68.2,92.55,110.5,71.5,-9.5,139.5,76.7,66.8,0.7945,97,86
401582127,True,20231120,102.65,97.15,67.75,103.5,100.80000000000001,69.0,,,68.7,66.9,0.5583,87,69
401579033,False,20231120,104.19999999999999,96.4,68.0,101.0,107.85,72.5,-12.5,145.5,80.6,67.0,0.8705,96,68
401614679,True,20231120,104.95,95.6,70.45,102.6,99.1,65.0,,,68.2,64.4,0.6468,71,74
401575489,True,20231120,106.75,98.4,68.0,104.15,97.85,72.15,2.5,145.5,72.1,70.7,0.5451,58,70
401581172,False,20231120,97.69999999999999,103.25,68.80000000000001,96.85,112.5,67.25,-11.5,133.5,74.8,65.3,0.7932,53,54
401598589,False,20231120,100.85,105.65,70.7,93.5,107.4,66.05,-6.5,137.5,74.8,65.7,0.799,67,59
401579112,False,20231120,103.95,100.9,72.1,90.35,113.1,68.9,-27.5,145.5,84.3,64.0,0.9524,81,39
401599983,True,20231120,107.35,100.5,75.1,104.4,96.4,66.6,1.5,146.5,72.7,73.5,0.5005,77,80
401575405,False,20231120,99.5,103.0,73.8,101.4,108.44999999999999,70.7,-5.5,152.5,80.7,74.5,0.6999,71,73
401575876,True,20231120,115.69999999999999,93.5,70.35,108.30000000000001,92.05,66.75,-5.5,138.5,71.3,67.3,0.6556,71,69
401603137,True,20231121,101.3,98.0,71.35,105.75,104.65,67.8,-2.0,141.0,71.8,70.5,0.5443,72,75
401581581,True,20231121,103.05000000000001,105.05000000000001,68.25,105.2,100.2,74.65,4.0,152.0,73.0,77.5,0.3282,76,80
401581544,True,20231121,109.30000000000001,106.05,69.2,100.44999999999999,105.25,72.1,-6.0,152.5,78.3,73.0,0.6933,60,61
401574595,False,20231121,100.6,106.95,73.15,99.85,104.5,70.1,-3.5,146.5,78.0,75.2,0.5951,89,75
401603140,True,20231121,106.9,108.35,65.65,96.94999999999999,108.25,69.55000000000001,-4.5,143.0,73.6,67.1,0.7288,71,61
401598018,False,20231121,105.35,102.75,72.55,94.65,105.19999999999999,71.85,-10.5,152.5,83.4,70.6,0.8672,64,76
401581826,True,20231121,106.9,100.6,67.80000000000001,102.80000000000001,101.19999999999999,68.95,-3.5,140.5,71.1,68.0,0.6146,86,56
401587136,True,20231121,103.6,102.55,66.95,94.35,109.9,72.0,-12.5,140.5,76.7,65.8,0.8305,82,72
401579006,True,20231121,98.9,102.25,67.6,107.65,109.0,67.9,3.5,138.5,69.3,70.7,0.4281,48,59
401581582,True,20231121,103.1,104.1,70.65,97.80000000000001,109.45,71.75,-9.0,153.0,78.6,71.6,0.7367,68,60
401581543,True,20231121,103.4,104.94999999999999,68.35,102.19999999999999,101.30000000000001,73.44999999999999,1.5,149.0,73.2,74.7,0.4373,71,78
401581596,True,20231121,116.6,94.25,72.05000000000001,106.7,101.9,73.15,-12.5,160.5,84.3,72.8,0.8427,76,57
401594130,True,20231121,101.9,106.25,67.25,98.2,109.1,69.94999999999999,-5.5,142.5,73.1,68.8,0.6506,93,76
401594013,True,20231121,98.0,106.8,72.25,95.05,109.75,67.25,-5.5,140.5,73.4,69.6,0.65,77,78
401603138,True,20231121,108.9,100.05000000000001,72.3,113.30000000000001,94.85,69.9,4.5,152.0,72.3,78.6,0.291,71,77
401600072,False,20231121,104.3,99.85,69.5,102.25,110.1,70.2,-13.5,149.5,80.5,68.8,0.8414,67,53
401590883,True,20231121,97.80000000000001,108.2,67.45,95.85,107.1,66.65,-1.5,133.5,67.1,66.5,0.527,67,61
401581576,True,20231121,105.44999999999999,110.1,70.80000000000001,101.4,103.05,68.19999999999999,1.5,146.5,72.5,74.4,0.4491,74,72
401581542,True,20231121,107.6,100.5,70.1,105.05,99.7,68.19999999999999,-3.0,145.0,71.7,70.6,0.551,59,79
401581838,True,20231121,102.30000000000001,100.15,66.8,109.45,101.5,74.05,5.5,146.5,71.6,75.4,0.3382,76,82
401583612,False,20231121,106.65,105.94999999999999,69.25,100.85,105.55,75.75,-7.5,159.5,84.0,76.2,0.7431,85,84
401603139,True,20231121,109.5,102.55,67.2,104.9,100.55,66.9,-0.5,135.0,69.6,67.8,0.5729,82,65
401593830,True,20231121,106.3,108.4,70.65,108.45,103.1,71.19999999999999,5.5,159.5,74.9,79.7,0.3298,88,103
401576151,False,20231121,115.65,93.0,69.15,104.35,106.85,67.9,-26.5,144.5,83.6,63.0,0.9567,95,66
401597832,False,20231121,103.05,101.65,67.7,93.6,106.1,68.4,-14.5,132.5,75.4,62.8,0.8635,69,45
401593993,False,20231121,95.4,106.6,65.8,95.94999999999999,105.65,66.75,-3.5,126.5,66.6,64.7,0.5564,55,69
401589493,False,20231121,99.05,106.2,72.1,91.05,111.95,73.05,-12.5,153.5,84.0,71.4,0.8543,77,67
401588593,False,20231121,98.45,107.9,69.85,100.6,106.9,68.8,-2.5,142.5,73.8,72.5,0.5341,75,58
401584401,False,20231121,99.5,109.9,72.35,92.1,106.9,66.3,-4.5,137.5,75.1,69.1,0.7179,62,59
401583746,False,20231121,96.35,106.25,70.95,98.5,104.35,72.55,1.5,145.5,76.0,74.7,0.5188,88,79
401581351,False,20231121,99.75,111.3,69.05000000000001,97.85,109.3,68.69999999999999,-2.5,144.5,75.0,72.1,0.5996,72,76
401577621,False,20231121,106.05000000000001,93.95,65.95,99.5,109.05,74.8,-20.5,140.5,83.1,64.8,0.9284,92,68
401574607,False,20231121,98.05,105.5,71.0,97.1,103.5,67.35,-3.5,133.5,72.1,69.3,0.6007,74,71
401587151,False,20231121,103.0,98.15,67.7,105.6,97.85,72.85,-1.5,141.5,74.0,71.3,0.5737,57,58
401581578,True,20231121,109.80000000000001,106.80000000000001,72.0,105.45,100.9,70.45,2.0,158.5,76.6,77.5,0.4809,76,85
401581541,True,20231121,107.95,98.45,70.9,105.44999999999999,98.05,70.25,-1.0,141.0,73.6,72.2,0.5558,79,49
401581594,True,20231121,118.55000000000001,89.9,68.8,111.1,87.69999999999999,68.19999999999999,-3.5,134.5,70.4,66.9,0.6337,71,67
401594437,False,20231121,90.95,106.3,71.15,93.94999999999999,108.15,69.6,-2.5,139.5,72.7,70.3,0.565,73,66
401583796,False,20231121,113.5,93.45,71.5,93.4,109.30000000000001,71.80000000000001,-30.5,151.5,90.6,62.7,0.9843,84,54
401581870,False,20231121,104.6,106.15,71.0,95.69999999999999,101.94999999999999,70.15,-9.5,144.5,77.9,70.8,0.7424,65,63
401578013,False,20231121,111.19999999999999,92.5,71.95,100.4,109.6,69.65,-27.5,149.5,87.0,64.5,0.9652,93,74
401603141,True,20231121,104.15,108.55000000000001,71.4,94.55,110.35,67.35,-8.5,150.0,76.5,69.0,0.7675,61,59
401598567,True,20231121,101.80000000000001,105.85,70.4,104.55000000000001,99.65,68.0,4.5,140.5,68.1,74.0,0.3038,76,81
401603092,True,20231121,104.6,95.55000000000001,72.0,103.25,103.15,72.3,-7.5,148.5,77.7,71.9,0.6949,60,76
401600442,False,20231121,105.85,99.8,69.30000000000001,98.0,115.25,72.9,-16.5,149.5,87.0,68.1,0.9364,86,67
401594191,True,20231121,96.7,103.35,68.05,96.0,110.15,65.75,-6.5,129.5,68.3,63.5,0.6717,74,68
401581595,True,20231121,116.25,94.30000000000001,69.95,116.4,90.30000000000001,73.8,,,75.4,78.0,0.4027,73,59
401583853,True,20231121,109.0,107.45,69.05,111.5,99.6,72.5,3.5,161.5,74.0,80.7,0.2695,84,92
401584363,False,20231122,104.1,99.69999999999999,68.94999999999999,98.75,105.4,70.65,-15.5,139.5,78.3,67.2,0.8321,70,61
401581580,True,20231122,97.44999999999999,109.45,70.05,102.69999999999999,104.4,69.1,9.0,150.5,68.9,75.6,0.2692,89,64
401580922,True,20231122,113.65,93.85,71.19999999999999,106.4,103.15,68.69999999999999,-12.5,148.5,78.8,68.1,0.8319,91,69
401581827,True,20231122,106.2,106.55,69.25,104.5,99.9,68.75,2.5,145.5,70.4,73.5,0.3948,57,67
401601494,True,20231122,95.05,109.69999999999999,66.55,94.9,110.3,72.45,-1.5,142.0,71.5,70.9,0.5051,83,84
401600083,False,20231122,103.8,111.6,72.6,103.44999999999999,105.6,68.6,1.5,158.5,77.8,77.8,0.501,90,93
401598009,True,20231122,97.35,101.75,66.45,101.35,109.45,69.15,-4.5,143.5,69.4,67.1,0.5668,74,67
401581584,True,20231122,112.65,99.8,70.3,106.55,100.8,68.85,-5.5,147.5,75.8,71.2,0.6738,74,86
401581583,True,20231122,103.0,103.9,68.7,104.65,99.85,75.25,4.5,150.0,73.9,77.5,0.3561,82,92
401594073,False,20231122,97.8,106.6,69.05,98.55,109.65,67.30000000000001,-6.5,138.5,73.1,68.6,0.65,75,79
401581740,False,20231122,105.15,101.35,66.65,99.95,99.6,68.2,-3.5,138.5,71.4,65.3,0.7129,70,76
401581084,False,20231122,104.65,105.15,71.35,97.35,110.15,68.3,-14.5,149.5,80.7,69.2,0.8458,89,60
401581599,True,20231122,114.4,90.35,73.05,110.5,87.15,69.0,-1.0,141.0,72.1,71.6,0.5344,69,60
401606611,True,20231122,94.44999999999999,104.75,68.75,102.05,100.15,70.3,11.5,136.5,65.2,73.2,0.2279,68,86
401580923,True,20231122,113.75,95.1,65.6,105.55,91.0,68.25,-2.5,130.5,67.0,64.2,0.6084,85,69
401604308,True,20231122,100.75,109.8,67.05000000000001,100.30000000000001,106.5,66.6,1.5,131.5,67.4,69.3,0.4373,71,74
401601495,True,20231122,97.94999999999999,107.1,71.5,103.8,103.0,66.65,5.5,141.0,67.6,74.2,0.281,79,68
401587113,False,20231122,100.9,108.15,72.5,99.65,102.55,72.35,-1.5,153.5,78.6,77.3,0.535,105,103
401593852,False,20231122,102.95,102.0,69.65,105.44999999999999,99.19999999999999,66.35,3.5,137.5,70.0,69.6,0.5198,76,77
401581727,True,20231122,91.30000000000001,113.35,70.85,92.65,103.15,67.15,5.5,135.5,64.4,71.9,0.2605,96,73
401577594,True,20231122,105.0,98.80000000000001,69.4,118.15,93.75,68.25,18.5,145.5,65.2,77.2,0.1441,88,65
401581856,False,20231122,101.65,102.55000000000001,67.44999999999999,108.95,99.6,65.95,3.5,134.5,66.6,69.7,0.3866,56,76
401579007,False,20231122,103.69999999999999,98.69999999999999,68.25,107.35,107.35,66.1,-6.5,144.5,73.3,66.6,0.7246,71,62
401594343,False,20231122,101.95,109.5,67.55,97.9,102.75,69.45,-4.5,137.5,72.5,70.8,0.559,68,65
401581598,True,20231122,116.4,92.6,69.1,118.05,89.3,69.85,3.5,142.5,70.8,74.0,0.3878,75,78
401604307,True,20231122,100.19999999999999,103.5,69.5,99.4,107.44999999999999,66.55,-4.5,135.5,70.3,67.3,0.6154,40,59
401596808,False,20231122,94.55,107.95,65.19999999999999,98.19999999999999,107.7,67.05000000000001,-2.5,128.5,66.5,66.4,0.4856,65,58
401581579,True,20231122,110.0,107.6,71.35,101.30000000000001,103.55,67.4,-2.5,150.5,75.4,72.3,0.6368,49,74
401580924,True,20231122,113.4,97.8,70.0,111.15,94.3,73.5,1.5,156.5,76.1,76.8,0.4716,67,71
401575393,False,20231122,101.65,102.05000000000001,62.95,93.0,112.05000000000001,72.85,-13.5,137.5,77.6,62.3,0.8942,64,54
401603134,True,20231122,107.69999999999999,93.25,61.349999999999994,105.85,98.65,66.65,-9.5,119.0,63.0,58.3,0.6538,56,54
401601496,True,20231122,101.9,105.69999999999999,70.3,102.6,100.55,66.80000000000001,4.0,138.0,67.8,71.6,0.3744,54,81
401594231,False,20231122,102.94999999999999,105.05,65.65,97.4,106.85,71.9,-5.5,142.5,76.3,68.0,0.7593,88,73
401581799,True,20231122,101.5,102.1,65.80000000000001,116.35,95.0,70.35,16.5,143.5,62.6,77.0,0.0993,72,88
401603537,False,20231122,108.6,95.94999999999999,70.9,106.25,101.35,69.35,-9.5,149.5,78.8,69.3,0.8037,89,54
401594540,False,20231122,109.4,99.25,68.0,95.65,111.55000000000001,74.75,-23.5,155.5,88.1,67.1,0.9537,82,59
401594424,True,20231122,102.8,103.6,70.9,109.55000000000001,103.30000000000001,72.4,4.5,157.5,74.6,79.3,0.3245,90,82
401594172,False,20231122,103.8,103.55000000000001,69.05,96.35,104.95,70.6,-7.5,141.5,77.9,68.3,0.8002,72,70
401583716,False,20231122,99.80000000000001,105.5,70.15,100.75,111.1,73.05,-5.5,155.5,81.1,74.5,0.7027,97,84
401582013,False,20231122,101.1,103.9,66.9,89.6,105.95,71.65,-11.5,134.5,76.7,64.3,0.8551,75,55
401577564,False,20231122,101.95,99.7,69.7,100.55000000000001,107.15,66.44999999999999,-7.5,136.5,74.5,65.3,0.7949,59,70
401575418,False,20231122,106.0,100.35,66.4,93.3,108.7,68.25,-14.5,134.5,77.4,60.3,0.9257,67,61
401580925,True,20231122,111.8,95.1,72.3,112.75,100.6,71.1,-6.5,155.5,78.6,75.7,0.5998,77,74
401581577,True,20231122,106.1,100.95,70.25,106.25,110.1,70.0,-5.5,154.0,78.2,72.4,0.6946,92,97
401579100,False,20231122,103.4,103.30000000000001,71.05000000000001,94.6,109.30000000000001,70.05000000000001,-15.5,149.5,81.4,68.1,0.8745,99,67
401602360,False,20231122,102.55,103.4,69.55,100.5,109.35,71.05000000000001,-9.5,147.5,79.8,70.9,0.7749,82,69
401597430,False,20231122,97.75,112.35,71.3,98.15,103.45,67.5,2.5,141.5,71.5,74.2,0.4001,67,66
401590229,False,20231122,102.25,102.1,68.5,107.1,106.5,68.8,1.5,144.5,74.4,71.1,0.6051,54,65
401583737,False,20231122,98.95,96.85,70.75,92.65,113.55000000000001,68.95,-15.5,139.5,80.5,62.1,0.9337,92,55
401574835,False,20231122,110.55,95.1,69.7,110.65,99.95,69.80000000000001,-7.5,147.5,78.2,70.4,0.7565,89,79
401574412,False,20231122,110.25,96.05,72.44999999999999,95.35,109.65,70.5,-25.5,152.5,87.9,65.1,0.967,100,56
401601497,True,20231122,104.44999999999999,99.9,67.3,109.9,101.69999999999999,74.2,1.5,151.5,73.4,75.8,0.3888,64,95
401603135,True,20231122,111.85,94.19999999999999,68.35,104.55,97.1,71.25,-6.5,142.5,74.4,67.7,0.7265,61,69
401587160,False,20231122,103.65,96.8,69.15,99.9,106.5,72.8,-14.5,148.5,80.9,67.9,0.8603,76,60
401581173,False,20231122,95.4,102.2,67.45,97.55000000000001,104.15,68.0,-3.5,128.5,68.6,65.4,0.5989,69,68
401581800,True,20231122,111.1,96.9,71.7,112.8,95.55,71.8,3.5,156.5,75.4,77.3,0.4277,71,86
401593831,True,20231122,106.45,109.5,71.7,111.05000000000001,99.3,74.1,7.5,162.5,75.9,85.5,0.1951,90,56
401604310,True,20231122,101.8,98.35,71.25,105.80000000000001,97.15,66.30000000000001,4.0,136.5,66.5,70.0,0.3829,63,59
401583854,True,20231122,105.1,95.15,70.80000000000001,108.55,107.0,70.75,-3.0,150.5,77.3,72.0,0.6728,77,71
401581600,True,20231122,109.05,92.35,66.25,115.85,93.0,70.85,,,67.5,71.5,0.3402,65,69
401604309,True,20231123,106.19999999999999,105.5,67.25,108.2,101.55,74.30000000000001,5.5,155.5,74.1,77.8,0.3489,84,81
401581334,True,20231123,114.75,94.25,65.9,103.3,96.4,71.4,-7.5,136.5,73.8,64.8,0.7877,89,77
401581519,True,20231123,106.55000000000001,104.1,68.7,105.55,92.25,69.25,7.5,135.5,66.4,73.3,0.2737,70,72
401581585,True,20231123,106.75,101.6,69.05,105.19999999999999,99.75,69.5,-3.5,140.5,71.4,71.6,0.4968,71,68
401581520,True,20231123,114.3,93.9,71.6,115.25,95.30000000000001,66.5,-2.5,146.5,72.4,72.2,0.5177,81,83
401581165,True,20231123,105.65,97.05000000000001,70.35,110.69999999999999,94.25,68.9,6.5,138.5,68.2,73.3,0.3205,86,91
401586849,True,20231123,115.85,99.94999999999999,73.8,110.15,94.9,69.35,-1.5,158.5,77.3,76.9,0.54,67,79
401592391,True,20231123,111.8,91.6,65.9,116.65,92.1,74.2,5.5,145.5,71.0,73.8,0.3763,74,68
401581586,True,20231123,119.30000000000001,94.05,68.2,113.94999999999999,100.1,70.35,-7.5,153.5,78.4,71.0,0.7426,48,69
401581521,True,20231123,111.05,93.8,72.7,110.45,94.35,71.44999999999999,1.5,152.5,75.7,75.0,0.5297,84,79
401586850,True,20231123,112.5,94.3,69.95,108.6,95.85,68.6,-4.5,141.5,72.7,69.2,0.6326,71,63
401581335,True,20231123,103.1,95.85,68.05000000000001,109.30000000000001,89.65,69.44999999999999,10.5,130.5,62.9,71.0,0.2319,64,68
401581522,True,20231123,112.9,97.8,69.3,111.7,99.6,69.85,-2.5,148.5,75.0,73.0,0.5692,83,78
401581336,True,20231123,112.3,99.65,68.25,107.1,96.75,68.35,-1.5,140.5,71.2,69.6,0.5665,82,75
401582151,True,20231123,107.5,103.1,66.75,110.75,97.44999999999999,69.6,7.5,143.5,68.0,73.8,0.2954,78,84
401582152,True,20231123,102.9,95.35,69.6,112.65,93.25,69.55,11.5,141.5,65.9,73.7,0.2357,49,77
401581565,True,20231124,112.9,96.35,68.80000000000001,117.1,96.25,65.3,3.5,141.5,68.3,71.2,0.4003,96,89
401581518,True,20231124,95.95,106.8,67.4,106.65,100.2,67.95,9.5,133.5,62.3,73.6,0.1524,76,64
401582159,True,20231124,103.5,106.85,70.5,99.0,105.6,68.0,-1.5,140.5,73.0,70.8,0.5921,59,60
401577607,False,20231124,108.3,93.85,71.55,99.9,102.5,71.3,-17.5,147.5,82.6,66.8,0.9102,100,75
401581524,True,20231124,114.69999999999999,94.4,71.45,111.25,95.7,71.1,-2.5,152.5,77.0,73.9,0.6138,87,72
401592095,False,20231124,101.5,111.15,71.4,97.9,103.95,66.8,2.5,142.5,73.6,72.6,0.5475,62,77
401581090,False,20231124,112.05000000000001,103.0,68.69999999999999,98.05000000000001,113.7,66.75,-20.5,148.5,83.4,64.1,0.9483,71,56
401581567,True,20231124,107.9,99.1,70.55,105.30000000000001,98.44999999999999,71.1,-1.5,147.5,74.2,72.9,0.5503,88,78
401577660,True,20231124,105.95,103.95,67.05,99.75,102.0,70.5,-2.5,141.5,71.7,68.9,0.6065,59,67
401591370,False,20231124,118.0,91.45,67.75,94.4,106.9,69.2,-42.5,139.5,86.5,56.7,0.9886,90,60
401606613,False,20231124,108.5,89.7,69.6,100.4,107.5,68.75,-25.5,138.5,81.7,60.6,0.9567,74,61
401593934,True,20231124,103.05000000000001,104.25,70.6,107.30000000000001,105.4,71.35,1.5,153.5,74.9,77.0,0.416,75,86
401588594,False,20231124,99.3,107.25,68.80000000000001,98.15,115.4,73.15,-10.5,153.5,82.2,72.9,0.7741,92,74
401587216,False,20231124,102.7,104.65,69.95,96.25,103.80000000000001,69.4,-7.5,141.5,76.2,68.8,0.7479,77,85
401583855,True,20231124,109.4,107.4,70.25,111.15,104.5,72.2,2.5,164.5,77.8,80.8,0.3871,74,76
401581728,True,20231124,91.75,115.25,72.2,94.75,110.6,70.7,3.5,151.5,72.6,77.6,0.3265,73,88
401576636,True,20231124,97.65,108.1,72.35,90.9,111.85,72.9,-10.5,153.5,79.6,72.8,0.7386,68,83
401575762,True,20231124,98.4,107.30000000000001,70.25,104.85,106.4,72.9,6.5,155.5,73.9,78.7,0.3161,84,93
401581764,True,20231124,98.9,109.30000000000001,67.25,101.65,107.94999999999999,69.15,2.5,142.5,69.5,72.1,0.3953,68,67
401597906,False,20231124,102.05,104.25,67.5,93.15,108.9,71.5,-13.5,140.5,78.7,66.4,0.8523,84,82
401582119,True,20231124,110.69999999999999,97.4,71.94999999999999,102.30000000000001,102.85,66.44999999999999,,,75.9,66.8,0.8027,76,51
401586851,True,20231124,110.8,94.1,68.85,112.30000000000001,93.6,70.25,1.5,140.5,70.7,72.0,0.4485,70,72
401581523,True,20231124,115.75,95.6,66.1,112.35,94.6,72.30000000000001,,,73.3,71.6,0.5501,79,63
401575437,False,20231124,115.9,88.85,65.45,106.4,106.5,65.85,-25.5,132.5,78.7,57.0,0.9625,79,44
401599987,False,20231124,98.8,106.2,67.35,97.05000000000001,104.5,67.9,-3.5,130.5,70.3,67.1,0.6112,65,74
401597833,False,20231124,106.6,93.94999999999999,63.849999999999994,103.5,100.55,66.5,-9.5,122.5,69.0,58.9,0.8157,89,55
401580929,False,20231124,108.1,97.8,66.85,98.75,104.65,70.4,-16.5,141.5,78.5,63.9,0.8935,93,53
401579101,False,20231124,104.65,103.45,71.8,94.4,103.65,68.45,-11.5,141.5,78.4,67.7,0.8345,79,71
401593832,True,20231124,105.65,95.6,70.15,105.25,109.8,71.1,-9.5,151.5,79.2,69.8,0.7902,68,83
401594250,True,20231124,103.5,111.95,69.94999999999999,99.65,106.2,69.19999999999999,-1.5,148.5,73.4,74.5,0.4695,67,76
401581530,False,20231124,103.3,105.75,68.45,95.35,106.7,67.45,-12.5,133.5,75.0,65.9,0.7953,74,72
401577710,True,20231124,101.35,102.7,69.65,102.75,98.2,65.4,2.5,130.5,64.7,68.5,0.373,40,70
401594531,False,20231124,105.15,97.8,71.75,106.94999999999999,105.8,68.44999999999999,-8.5,145.5,78.7,70.6,0.7638,78,69
401591569,False,20231124,98.80000000000001,103.0,71.5,95.65,107.25,67.9,-9.5,141.5,75.9,67.5,0.7693,80,67
401582118,True,20231124,113.5,95.19999999999999,72.0,117.25,95.85,71.0,2.5,157.5,76.1,78.2,0.4236,91,95
401581566,True,20231124,113.05000000000001,99.94999999999999,68.9,109.94999999999999,90.9,68.75,,,68.9,72.7,0.3788,71,62
401576152,False,20231124,116.45,93.25,69.65,93.35,111.19999999999999,71.05,-36.5,146.5,91.1,60.1,0.9902,80,62
401586852,True,20231124,115.1,100.80000000000001,73.55000000000001,107.8,95.69999999999999,68.9,,,76.9,75.4,0.5794,85,72
401583738,True,20231124,105.05,106.55,68.1,92.95,115.3,68.05,,,77.9,64.3,0.8866,73,70
401581785,True,20231124,96.30000000000001,111.75,69.4,97.6,109.19999999999999,71.4,2.5,145.5,72.6,75.1,0.4048,83,65
401581525,True,20231124,105.75,93.2,69.0,114.0,98.6,69.15,,,69.7,71.7,0.4127,73,57
401603093,True,20231124,111.4,98.15,73.9,103.8,104.85,70.45,-9.5,158.5,82.2,72.9,0.8042,71,90
401581847,False,20231124,116.05000000000001,96.5,69.65,101.85,101.45,73.45,-18.5,157.5,86.6,69.1,0.9297,118,82
401577636,True,20231124,111.85,97.65,67.19999999999999,117.45,93.3,72.45,7.5,152.5,70.7,77.2,0.2704,92,81
401608089,True,20231124,100.35,107.65,70.9,101.9,102.45,71.15,4.5,150.5,72.1,76.5,0.3458,72,65
401604370,True,20231124,97.25,105.15,70.0,93.19999999999999,109.25,71.30000000000001,-8.5,141.5,74.6,69.3,0.6867,82,71
401581159,False,20231124,108.75,94.1,68.55000000000001,99.4,106.0,72.0,-19.5,144.5,82.8,64.6,0.9332,78,64
401581075,True,20231124,107.85,103.05,69.05000000000001,101.45,104.2,73.0,-4.5,153.5,77.8,72.7,0.6748,94,99
401577532,False,20231124,110.2,99.35,64.05,103.15,107.9,71.05000000000001,-13.5,139.5,78.9,65.0,0.8805,77,69
401574608,False,20231124,96.55000000000001,106.45,71.05000000000001,99.0,106.30000000000001,70.85,1.5,138.5,75.6,73.6,0.549,80,83
401604297,True,20231124,96.5,108.05000000000001,73.5,103.69999999999999,99.35,69.4,11.5,149.5,68.7,79.1,0.1818,76,57
401603541,False,20231124,105.4,97.05000000000001,67.5,94.9,115.69999999999999,74.05000000000001,-27.5,149.5,87.1,64.4,0.9618,92,65
401584340,False,20231124,108.45,97.85,69.45,100.1,111.95,69.1,-20.5,146.5,83.4,65.1,0.9362,75,63
401583762,False,20231124,112.8,96.95,68.25,101.4,110.85,70.4,-22.5,148.5,85.5,65.1,0.9528,90,69
401582154,True,20231124,101.80000000000001,96.0,69.2,107.35,103.0,68.35,,,69.9,69.0,0.5184,82,67
401581568,True,20231124,107.30000000000001,97.4,69.19999999999999,104.25,96.4,67.25,,,68.5,67.2,0.5591,65,61
401581526,True,20231124,107.7,104.55000000000001,68.25,112.35,100.6,69.80000000000001,,,71.0,76.6,0.2997,73,51
401584514,False,20231124,109.05000000000001,92.9,70.80000000000001,94.4,109.2,69.05,-26.5,140.5,84.6,60.4,0.9732,84,52
401579113,True,20231124,104.7,100.4,70.85,111.65,95.05,69.4,5.5,144.5,68.5,76.6,0.2354,82,88
401594093,False,20231124,97.5,109.85,71.9,89.8,113.85,67.0,-13.5,139.5,78.1,67.7,0.8218,84,48
401582153,True,20231124,113.44999999999999,92.19999999999999,69.15,110.5,97.3,71.69999999999999,,,76.0,70.8,0.6745,95,86
401604298,True,20231124,100.65,105.4,70.25,106.65,107.75,70.35,3.5,152.5,73.7,76.2,0.3999,57,71
401603091,True,20231125,96.55,107.55,67.0,98.25,101.0,71.35,,,66.4,71.7,0.3072,83,93
401582162,True,20231125,100.94999999999999,107.7,69.05000000000001,102.05000000000001,106.15,69.7,,,71.7,73.4,0.435,77,91
401594505,False,20231125,109.80000000000001,100.0,66.7,95.9,106.80000000000001,68.0,-19.5,138.5,78.4,61.4,0.9281,78,70
401575484,False,20231125,106.4,105.75,69.5,98.45,105.7,71.8,-10.5,150.5,80.9,71.8,0.7882,88,81
401589464,False,20231125,95.65,105.65,63.45,94.15,112.4,70.4,-8.5,128.5,71.9,63.9,0.7416,64,51
401584371,False,20231125,111.1,97.65,67.1,89.25,106.5,71.75,-26.5,138.5,83.9,59.9,0.9724,99,62
401583787,True,20231125,95.15,103.95,68.25,96.1,111.2,70.2,-7.5,139.5,71.9,67.9,0.6341,66,60
401579034,True,20231125,102.19999999999999,108.7,69.35,101.8,109.45,71.85,-2.5,155.5,76.3,75.5,0.5222,71,69
401577565,False,20231125,98.85,106.0,71.65,101.4,106.0,66.05000000000001,1.5,138.5,72.6,71.0,0.561,75,56
401603087,True,20231125,107.1,103.15,69.55,100.4,99.1,64.8,,,68.0,66.2,0.5894,68,80
401582163,True,20231125,98.9,108.65,67.25,98.35,104.35,67.55,,,66.5,68.9,0.4158,72,66
401608092,True,20231125,100.7,101.0,72.65,99.30000000000001,104.85,69.94999999999999,-5.5,146.5,74.9,71.6,0.6269,85,77
401587217,True,20231125,92.85,108.65,73.15,97.2,103.3,69.4,6.5,141.5,69.2,75.6,0.2872,93,74
401587167,False,20231125,110.15,99.0,65.5,104.0,107.44999999999999,66.8,-15.5,137.5,75.9,62.9,0.8736,80,66
401583755,False,20231125,100.35,105.75,65.05,100.85,113.44999999999999,67.15,-7.5,138.5,72.8,65.5,0.7335,81,67
401583613,False,20231125,103.95,99.35,66.25,106.65,106.9,69.05,-6.5,138.5,74.3,67.5,0.7163,81,59
401582130,False,20231125,100.4,110.05,69.05000000000001,99.35,108.94999999999999,76.3,-2.5,158.5,82.1,78.4,0.601,96,81
401581531,True,20231125,96.9,107.4,66.80000000000001,100.44999999999999,107.69999999999999,69.95,3.5,138.0,68.8,70.9,0.4092,53,63
401577700,False,20231125,104.45,97.5,68.15,96.3,112.25,73.15,-21.5,147.5,84.2,65.5,0.9347,92,74
401575419,False,20231125,105.7,101.45,65.9,100.9,107.45,69.75,-12.5,138.5,76.5,65.9,0.8199,90,60
401574596,False,20231125,100.95,106.75,69.0,91.85,106.55,65.05,-10.5,129.5,72.1,63.3,0.7938,75,68
401597420,False,20231125,103.35,108.5,70.15,100.85,102.4,67.55,-3.5,145.5,73.4,72.1,0.5525,84,90
401600243,False,20231125,95.85,110.2,67.35,102.3,109.45,71.65,3.5,150.5,73.5,75.1,0.409,71,94
401600084,False,20231125,104.15,111.85,73.05,99.4,102.3,71.25,4.5,158.5,79.6,78.7,0.5353,84,82
401598010,False,20231125,104.05000000000001,104.25,68.45,97.4,102.8,66.45,-6.5,133.5,72.4,65.5,0.742,66,73
401594192,False,20231125,96.8,111.2,65.55,104.35,109.9,63.05,3.5,127.5,64.5,68.1,0.3672,64,51
401581786,False,20231125,101.35,104.6,67.30000000000001,97.80000000000001,108.1,72.35,-9.5,144.5,77.9,69.7,0.7523,83,72
401579102,False,20231125,105.1,104.2,71.85,92.25,116.75,71.8,-23.5,159.5,88.8,68.8,0.9483,101,83
401574413,False,20231125,95.35,110.65,69.44999999999999,99.55,109.9,67.15,1.5,144.5,71.4,71.9,0.4704,71,74
401582161,True,20231125,112.0,97.05000000000001,69.95,118.1,95.6,72.75,,,74.7,79.6,0.3182,91,99
401594438,False,20231125,91.9,106.75,70.1,96.2,107.5,71.6,-1.5,145.5,73.6,72.5,0.506,71,59
401594344,False,20231125,98.2,103.19999999999999,69.0,103.15,107.6,71.55000000000001,-1.5,146.5,75.9,72.6,0.5902,83,87
401592096,False,20231125,101.05,112.25,70.75,98.4,112.0,70.75,-5.5,156.5,80.4,75.7,0.6568,90,80
401587227,True,20231125,101.4,112.80000000000001,73.6,97.2,103.5,69.2,1.5,151.5,73.9,77.2,0.4061,90,91
401584385,False,20231125,97.6,104.25,66.8,94.0,108.3,68.15,-6.5,131.5,71.9,63.9,0.7555,73,49
401576637,False,20231125,104.1,105.85,66.35,92.25,111.0,72.4,-16.5,145.5,80.8,66.4,0.8874,72,64
401603084,True,20231125,105.15,102.4,67.65,107.1,100.80000000000001,67.9,,,68.3,70.6,0.4137,88,77
401594580,True,20231125,102.19999999999999,111.55,70.80000000000001,102.55000000000001,104.95,71.25,3.5,155.5,74.1,78.6,0.3442,85,82
401593870,False,20231125,107.8,108.9,65.25,106.05,102.94999999999999,67.0,-1.5,138.5,70.9,70.3,0.528,55,71
401575763,False,20231125,104.15,107.25,67.9,105.4,108.6,72.8,-3.5,155.5,79.5,75.8,0.6117,79,84
401603105,True,20231125,95.2,112.05000000000001,70.2,93.35,108.15,71.35,-1.5,143.5,72.5,73.8,0.4562,64,72
401601460,False,20231125,103.15,99.15,64.3,103.65,105.75,68.85,-6.5,131.5,71.7,64.3,0.7364,65,57
401597873,False,20231125,105.6,98.0,70.65,108.1,104.44999999999999,71.9,-5.5,155.5,80.3,73.3,0.7218,92,86
401608090,True,20231125,99.05000000000001,106.65,71.75,107.65,105.0,71.80000000000001,6.5,155.5,73.6,80.3,0.2614,61,82
401603085,True,20231125,101.55,103.2,73.85,102.44999999999999,100.1,69.25,,,72.7,75.3,0.4168,89,79
401594173,False,20231125,104.0,104.55000000000001,68.44999999999999,94.1,110.75,70.55000000000001,-14.5,145.5,80.6,66.8,0.8822,86,59
401590948,False,20231125,108.5,105.6,67.6,101.4,98.0,70.80000000000001,-4.5,142.5,75.2,71.3,0.6425,67,47
401587133,False,20231125,111.8,100.65,72.1,99.8,113.3,65.69999999999999,-21.5,153.5,85.0,65.5,0.9509,91,45
401583717,False,20231125,107.05000000000001,100.55000000000001,66.35,100.95,106.0,70.45,-11.5,142.5,77.6,66.3,0.8362,90,61
401582160,True,20231125,106.55,101.15,70.85,113.7,97.6,67.35,,,69.0,76.0,0.2648,56,86
401581871,False,20231125,109.35,100.6,68.35,96.30000000000001,102.1,68.05,-16.5,136.5,77.1,63.7,0.8848,77,71
401581772,True,20231125,112.65,92.8,69.25,106.6,105.9,68.15,-14.5,142.5,77.8,65.4,0.8601,76,67
401577622,False,20231125,106.15,93.7,67.05000000000001,103.65,105.75,66.19999999999999,-14.5,132.5,74.0,60.8,0.8742,68,55
401577585,False,20231125,104.0,97.1,70.7,98.69999999999999,107.25,68.69999999999999,-15.5,142.5,79.2,65.3,0.8847,80,67
401604300,True,20231125,95.25,107.75,73.6,104.65,107.3,70.6,,,73.5,80.0,0.2712,58,75
401600269,False,20231125,104.4,102.9,72.75,97.1,106.2,68.6,-12.5,148.5,80.2,69.4,0.8333,66,65
401587207,False,20231125,105.65,96.7,66.45,108.30000000000001,102.69999999999999,63.45,-6.5,128.5,68.2,62.5,0.7038,79,70
401584445,False,20231125,109.85,100.1,68.5,103.0,106.25,66.75,-14.5,142.5,77.7,65.5,0.8625,86,71
401588596,False,20231125,102.05,102.45,69.2,104.30000000000001,105.45,72.75,-3.5,152.5,78.3,73.8,0.6372,79,89
401604299,True,20231125,99.95,103.25,70.65,103.35,98.15,69.5,,,68.1,73.7,0.309,77,66
401581572,True,20231126,104.4,96.95,66.6,106.4,100.1,70.94999999999999,2.5,138.5,69.7,69.0,0.511,,
401603086,True,20231126,101.15,100.80000000000001,64.55,98.05,109.35,66.9,-6.5,124.5,68.4,60.8,0.7475,,
401593935,True,20231126,101.0,102.1,73.7,102.5,105.25,71.5,-3.5,152.5,77.1,76.1,0.5377,,
401575764,True,20231126,106.6,109.0,71.85,95.35,106.65,67.35,-6.5,149.5,76.1,70.2,0.7287,,
401581569,True,20231126,114.2,99.65,68.6,116.2,98.30000000000001,68.9,2.5,151.5,72.9,75.1,0.4193,,
401598991,False,20231126,105.85,105.35,69.35,101.65,108.0,69.75,-7.5,143.5,79.3,71.3,0.7637,,
401589737,False,20231126,105.0,107.85,68.15,85.9,110.05,67.1,-18.5,134.5,78.2,61.4,0.9273,,
401581828,False,20231126,104.6,99.25,68.7,101.15,107.3,67.7,-8.5,133.5,76.4,65.3,0.8352,,
401581787,True,20231126,93.80000000000001,107.9,71.19999999999999,98.44999999999999,109.2,72.6,4.5,147.5,74.0,76.3,0.4074,,
401581352,True,20231126,100.85,107.30000000000001,69.7,100.5,110.55000000000001,67.05,-3.5,143.5,72.6,70.3,0.5883,,
401577545,False,20231126,104.19999999999999,99.0,70.35,103.35,108.15,71.4,-10.5,149.5,81.2,70.6,0.8146,,
401608091,True,20231126,102.35,111.44999999999999,71.0,106.55,106.75,71.4,7.5,160.5,75.1,80.9,0.2957,,
401603090,True,20231126,109.1,104.1,69.45,99.75,102.4,71.25,-5.5,146.5,76.4,71.3,0.6884,,
401594442,False,20231126,100.85,112.85,70.4,101.9,102.30000000000001,62.3,2.5,132.5,66.7,71.3,0.3563,,
401581759,False,20231126,112.1,94.8,69.45,104.69999999999999,104.80000000000001,68.94999999999999,-18.5,146.5,81.4,65.8,0.911,,
401594594,False,20231126,98.1,106.0,68.1,107.35,115.1,71.65,-2.5,156.5,78.3,75.2,0.5703,,
401594563,False,20231126,102.8,105.85,69.85,93.85,110.9,72.9,-12.5,149.5,83.3,70.5,0.8594,,
401590921,False,20231126,100.7,110.65,70.55,96.1,108.35,66.6,-4.5,145.5,74.7,70.2,0.666,,
401587228,False,20231126,98.15,106.6,68.4,103.44999999999999,115.0,73.4,-4.5,153.5,80.5,75.2,0.6474,,
401581857,False,20231126,101.6,104.4,67.6,102.45,98.1,64.7,1.5,129.5,65.5,66.6,0.4672,,
401577686,False,20231126,101.05000000000001,107.65,72.15,95.1,112.95,71.65,-12.5,154.5,83.8,73.0,0.8221,,
401574836,False,20231126,113.7,97.85,68.44999999999999,101.55000000000001,102.4,68.65,-18.5,140.5,80.1,65.0,0.9081,,
401581532,False,20231126,104.44999999999999,108.55000000000001,67.1,99.94999999999999,106.0,70.9,-5.5,148.5,76.5,71.7,0.6607,,
401583727,False,20231126,113.5,96.5,68.5,102.6,104.0,68.5,-15.5,144.5,80.7,64.5,0.9195,,
401581863,False,20231126,105.65,98.0,69.35,98.15,107.80000000000001,67.25,-16.5,137.5,78.0,63.1,0.9011,,
401574620,False,20231126,102.55,105.1,67.6,95.0,112.80000000000001,69.9,-12.5,142.5,79.3,66.3,0.8669,,
401574414,False,20231126,95.9,111.65,69.44999999999999,100.5,108.0,72.19999999999999,3.5,152.5,75.2,77.3,0.3967,,
401597431,True,20231126,99.2,103.95,65.94999999999999,98.55000000000001,112.4,72.25,-6.5,139.5,74.4,68.5,0.6876,,
401594252,True,20231126,100.65,105.5,70.95,100.75,105.0,70.5,1.5,145.5,73.5,73.9,0.4869,,
401587144,False,20231126,102.0,104.5,63.05,95.8,111.5,73.69999999999999,-13.5,141.5,77.8,66.0,0.8331,,
401586901,False,20231126,102.9,104.15,69.4,107.6,98.15,68.25,6.5,140.5,70.5,73.4,0.3903,,
401583804,False,20231126,106.0,105.69999999999999,68.4,101.2,104.15,72.0,-8.5,146.5,78.7,72.6,0.7017,,
401581571,True,20231126,107.85,97.7,68.85,109.85,100.05000000000001,70.5,-1.5,144.5,72.7,72.5,0.4986,,
401581174,False,20231126,97.15,103.85,66.55000000000001,106.35,103.2,74.5,3.5,145.5,73.1,75.5,0.3673,,
401575463,False,20231126,105.75,96.4,70.4,107.85,109.1,64.45,-12.5,139.5,76.0,65.5,0.8252,,
401603089,True,20231126,106.15,104.25,68.2,102.25,104.19999999999999,74.55,-2.5,148.5,77.2,74.6,0.585,,
401577615,True,20231126,108.3,97.44999999999999,69.65,102.5,100.85,67.9,-7.5,139.5,72.7,66.7,0.7147,,
401582142,False,20231126,94.6,109.80000000000001,65.95,99.95,110.25,71.35,2.5,140.5,72.0,72.3,0.4536,,
401575472,False,20231126,106.15,98.45,67.1,105.2,108.6,64.5,-9.5,133.5,73.3,62.8,0.8264,,
401575407,False,20231126,99.2,104.65,72.3,88.5,114.5,67.44999999999999,-21.5,139.5,80.9,64.5,0.9181,,
401577649,False,20231126,106.95,99.35,70.0,104.25,101.15,71.45,-7.5,148.5,78.8,71.4,0.7422,,
401594113,False,20231126,100.9,97.44999999999999,70.3,104.0,107.15,68.1,-8.5,139.5,75.7,67.6,0.7558,,
401593913,False,20231126,100.25,105.1,71.15,101.85,106.1,75.7,-3.5,157.5,82.0,78.1,0.6056,,
401581570,True,20231126,109.55,91.80000000000001,68.45,119.35,99.25,65.65,1.5,135.5,68.3,70.0,0.4255,,
401603088,True,20231126,109.0,101.65,68.35,103.95,100.65,69.7,-2.5,139.5,72.9,70.2,0.6026,,
401594052,False,20231126,103.19999999999999,102.55000000000001,68.6,101.55000000000001,111.05,68.0,-9.5,141.5,77.4,67.5,0.8054,,
401598045,True,20231126,104.2,97.2,68.3,106.05,100.55,69.15,-4.5,137.5,69.8,68.9,0.5268,,
